,id,created_time,comments,likes,Love,Wow,Haha,Sad,Angry,message,shares,date,time
0,107513663924342_113193796689662,2019-08-05T12:16:10+0000,0, 0,0,0,0,0,0,,nan,2019-08-05,12:16:10
1,107513663924342_107526730589702,2019-08-02T13:07:00+0000,0, 1,1,0,0,0,1,Blogger The London Mum shares some great hamper ideas made from recycled material- we love this the idea of creating handmade crochet gifts! Very thrifty!,nan,2019-08-02,13:07:00
2,107513663924342_107525323923176,2019-08-01T09:04:00+0000,0, 1,1,0,0,0,0,"Mummy Fever - we love it! Thanks for sharing the great family tree your little ones created during messy play! 
Stay tuned for the new green community workshops happening soon

 #green #happycustomers",nan,2019-08-01,09:04:00
3,107513663924342_107517607257281,2019-07-31T12:47:57+0000,2, 1,1,1,0,0,0,"We understand that things can get a little messy this summer! Extra Sensitive and environment-friendly Baby Wipes 18 Pack now available at Amazon!

 Shop now for the exclusive offer until 31.08.16. Subject to availability.

#plasticfree #initiative",1,2019-07-31,12:47:57
